patient	TCGA.purity	mutation_id	Reference_Base	Alternate_Base	ref_counts	var_counts	obs.VAF	normal_cn	minor_cn	major_cn	mut.multi	Exp.Cpn	Exp.Cpn.Likelihood	absolute.ccf	absolute.ccf.0.05	absolute.ccf.0.95	prob.clonal	prob.subclonal	GD.status	timing	comb.timing
M25_1E_Nec	0.68	M25_1E_Nec:1:21329207:G	G	A	52	4	0.0714285714285714	2	1	2	0.281512605042017	1	0.999989204458112	0.28	0.09	0.62	0.00106006163346437	0.998939938366536	GD	late	Late
M25_1E_Nec	0.68	M25_1E_Nec:1:21503452:G	G	A	36	10	0.217391304347826	2	1	2	0.856777493606138	1	0.991338515910798	0.86	0.51	1	0.226827600851143	0.773172399148857	GD	late	Late
M25_1E_Nec	0.68	M25_1E_Nec:1:45472830:T	T	G	52	14	0.212121212121212	2	1	2	0.836007130124777	1	0.999126569451581	0.84	0.55	1	0.223631458072595	0.776368541927405	GD	late	Late
M25_1E_Nec	0.68	M25_1E_Nec:1:115129938:A	A	G	104	12	0.103448275862069	2	1	2	0.407707910750507	1	0.999999999324163	0.41	0.23	0.66	0.000294941072011711	0.999705058927988	GD	late	Late
M25_1E_Nec	0.68	M25_1E_Nec:1:151537099:A	A	T	69	44	0.389380530973451	2	1	2	1.53461738677772	2	0.861384152328629	1	0.89	1	0.91967196427986	0.0803280357201397	GD	early	Early
M25_1E_Nec	0.68	M25_1E_Nec:1:171621155:G	G	T	38	14	0.269230769230769	2	1	2	1.06108597285068	1	0.970401014698951	1	0.64	1	0.405408868309251	0.594591131690749	GD	late	Late
M25_1E_Nec	0.68	M25_1E_Nec:1:197168886:C	C	G	30	7	0.189189189189189	2	1	2	0.745627980922098	1	0.989397742191689	0.75	0.41	1	0.149344754353908	0.850655245646092	GD	late	Late
M25_1E_Nec	0.68	M25_1E_Nec:1:248756612:G	G	A	82	16	0.163265306122449	2	1	2	0.643457382953181	1	0.999998958988575	0.64	0.41	0.94	0.0465940560499286	0.953405943950071	GD	late	Late
M25_1E_Nec	0.68	M25_1E_Nec:10:63440929:A	A	G	16	42	0.724137931034483	2	0	3	2.85395537525355	3	0.909957496419917	1	0.93	1	0.981504640760395	0.0184953592396051	GD	early	Early
M25_1E_Nec	0.68	M25_1E_Nec:10:68040337:G	G	T	16	15	0.483870967741935	2	0	3	1.90702087286527	2	0.801569197792112	1	0.78	1	0.6970624108123	0.3029375891877	GD	early	Early
M25_1E_Nec	0.68	M25_1E_Nec:10:88702885:C	C	T	40	138	0.775280898876405	2	0	3	3.05551883674818	3	0.999979396022507	1	0.98	1	0.999998255932255	1.744067745291e-06	GD	early	Early
M25_1E_Nec	0.68	M25_1E_Nec:10:91483768:A	A	G	70	6	0.0789473684210526	2	0	3	0.311145510835913	1	0.999999729960942	0.31	0.13	0.6	0.000354645908715083	0.999645354091285	GD	late	Late
M25_1E_Nec	0.68	M25_1E_Nec:10:103908686:G	G	A	18	30	0.625	2	0	3	2.46323529411765	2	0.503741723878047	1	0.89	1	0.931165979180729	0.0688340208192711	GD	early	Early
M25_1E_Nec	0.68	M25_1E_Nec:10:135369515:C	C	A	48	4	0.0769230769230769	2	0	3	0.30316742081448	1	0.999970213684774	0.3	0.1	0.67	0.00217643414741502	0.997823565852585	GD	late	Late
M25_1E_Nec	0.68	M25_1E_Nec:11:5009550:C	C	T	79	97	0.551136363636364	2	0	2	1.62098930481283	2	0.999386230110362	1	0.96	1	0.998325409611883	0.00167459038811727	GD	early	Early
M25_1E_Nec	0.68	M25_1E_Nec:11:16205409:C	C	T	44	54	0.551020408163265	2	0	2	1.62064825930372	2	0.983856264757278	1	0.92	1	0.973714905358661	0.0262850946413392	GD	early	Early
M25_1E_Nec	0.68	M25_1E_Nec:11:20070407:G	G	A	47	90	0.656934306569343	2	0	2	1.93215972520395	2	0.999999862994722	1	0.96	1	0.999272930627225	0.000727069372775205	GD	early	Early
M25_1E_Nec	0.68	M25_1E_Nec:11:56020442:T	T	C	29	14	0.325581395348837	2	0	2	0.957592339261286	1	0.992724491534588	0.96	0.61	1	0.340703964871035	0.659296035128965	GD	late	Late
M25_1E_Nec	0.68	M25_1E_Nec:11:86662269:C	C	T	52	4	0.0714285714285714	2	0	2	0.210084033613445	1	0.999999913870285	0.21	0.07	0.46	1.29397066273589e-05	0.999987060293373	GD	late	Late
M25_1E_Nec	0.68	M25_1E_Nec:11:99827583:C	C	T	86	31	0.264957264957265	2	0	2	0.77928607340372	1	0.999999988631704	0.78	0.59	0.99	0.133142574909132	0.866857425090868	GD	late	Late
M25_1E_Nec	0.68	M25_1E_Nec:11:108389117:G	G	T	28	30	0.517241379310345	2	0	2	1.52129817444219	2	0.745435698764738	1	0.86	1	0.85609510698049	0.14390489301951	GD	early	Early
M25_1E_Nec	0.68	M25_1E_Nec:11:118851904:T	T	C	101	11	0.0982142857142857	2	0	2	0.288865546218487	1	0.999999999999941	0.29	0.16	0.48	8.88859834667229e-08	0.999999911114016	GD	late	Late
M25_1E_Nec	0.68	M25_1E_Nec:11:124750434:G	G	T	61	22	0.265060240963855	2	0	2	0.779588944011339	1	0.999997672612944	0.78	0.57	1	0.15292297106858	0.84707702893142	GD	late	Late
M25_1E_Nec	0.68	M25_1E_Nec:11:129751684:G	G	A	38	6	0.136363636363636	2	0	2	0.401069518716577	1	0.999979623683617	0.4	0.17	0.75	0.00446659276271727	0.995533407237283	GD	late	Late
M25_1E_Nec	0.68	M25_1E_Nec:11:132016327:G	G	T	62	56	0.474576271186441	2	0	2	1.39581256231306	1	0.786466750200187	1	0.91	1	0.950216501477774	0.0497834985222261	GD	late	Late
M25_1E_Nec	0.68	M25_1E_Nec:11:134234253:C	C	T	171	15	0.0806451612903226	2	1	1	0.23719165085389	1	1	0.24	0.14	0.37	4.43699621526681e-14	0.999999999999956	GD	Not.Poss	Late
M25_1E_Nec	0.68	M25_1E_Nec:12:668438:C	C	T	72	4	0.0526315789473684	2	0	3	0.207430340557275	1	0.999999932490223	0.21	0.07	0.47	2.1194365268692e-05	0.999978805634731	GD	late	Late
M25_1E_Nec	0.68	M25_1E_Nec:12:41582408:C	C	T	70	28	0.285714285714286	2	0	3	1.12605042016807	1	0.995754111433247	1	0.76	1	0.613348463912207	0.386651536087793	GD	late	Late
M25_1E_Nec	0.68	M25_1E_Nec:12:48152359:CAGCCGTG	CAGCCGTG	-	17	61	0.782051282051282	2	0	3	3.08220211161388	3	0.99291261923858	1	0.95	1	0.997381117152118	0.00261888284788256	GD	early	Early
M25_1E_Nec	0.68	M25_1E_Nec:12:53074085:G	G	T	144	40	0.217391304347826	2	0	3	0.856777493606138	1	0.999999994172513	0.86	0.67	1	0.276411518222369	0.723588481777631	GD	late	Late
M25_1E_Nec	0.68	M25_1E_Nec:12:54675667:C	C	T	46	16	0.258064516129032	2	0	3	1.01707779886148	1	0.990443125440227	1	0.64	1	0.397211094681181	0.602788905318819	GD	late	Late
M25_1E_Nec	0.68	M25_1E_Nec:12:64828716:C	C	T	32	4	0.111111111111111	2	0	3	0.437908496732026	1	0.99827567458286	0.44	0.16	0.89	0.0275915374897708	0.972408462510229	GD	late	Late
M25_1E_Nec	0.68	M25_1E_Nec:12:102155407:C	C	A	224	48	0.176470588235294	2	0	3	0.695501730103806	1	1	0.7	0.53	0.88	0.0171546041640029	0.982845395835997	GD	late	Late
M25_1E_Nec	0.68	M25_1E_Nec:12:110240895:C	C	T	71	30	0.297029702970297	2	0	3	1.17064647641235	1	0.992095983656161	1	0.78	1	0.6682546313188	0.3317453686812	GD	late	Late
M25_1E_Nec	0.68	M25_1E_Nec:12:113354323:A	A	C	124	28	0.184210526315789	2	0	3	0.726006191950464	1	0.999999995221041	0.73	0.52	0.96	0.0779858539187059	0.922014146081294	GD	late	Late
M25_1E_Nec	0.68	M25_1E_Nec:12:118105362:C	C	T	10	43	0.811320754716981	2	0	3	3.19755826859045	3	0.981786993208381	1	0.93	1	0.986277766381375	0.0137222336186252	GD	early	Early
M25_1E_Nec	0.68	M25_1E_Nec:13:25670410:C	C	T	72	39	0.351351351351351	2	1	1	1.03338632750397	1	1	1	0.78	1	0.621371403094483	0.378628596905517	GD	Not.Poss	Early
M25_1E_Nec	0.68	M25_1E_Nec:13:36049275:G	G	A	98	31	0.24031007751938	2	1	1	0.706794345645235	1	1	0.71	0.52	0.93	0.0437536703053558	0.956246329694644	GD	Not.Poss	Late
M25_1E_Nec	0.68	M25_1E_Nec:14:23894139:G	G	T	31	38	0.550724637681159	2	0	2	1.61977834612106	2	0.946828370172629	1	0.89	1	0.926588321426284	0.0734116785737158	GD	early	Early
M25_1E_Nec	0.68	M25_1E_Nec:14:73029262:C	C	T	15	35	0.7	2	0	2	2.05882352941176	2	0.999297492214502	1	0.91	1	0.952852763607251	0.0471472363927493	GD	early	Early
M25_1E_Nec	0.68	M25_1E_Nec:14:88946670:C	C	T	190	12	0.0594059405940594	2	0	2	0.17472335468841	1	1	0.17	0.1	0.29	1.87282057251292e-18	1	GD	late	Late
M25_1E_Nec	0.68	M25_1E_Nec:14:96730428:C	C	T	68	14	0.170731707317073	2	0	2	0.502152080344333	1	0.999999987227092	0.5	0.3	0.77	0.00262717354477282	0.997372826455227	GD	late	Late
M25_1E_Nec	0.68	M25_1E_Nec:15:44599434:A	A	G	38	6	0.136363636363636	2	0	2	0.401069518716577	1	0.999979623683617	0.4	0.17	0.75	0.00446659276271727	0.995533407237283	GD	late	Late
M25_1E_Nec	0.68	M25_1E_Nec:15:72767235:C	C	T	55	7	0.112903225806452	2	0	2	0.332068311195446	1	0.999999910405314	0.33	0.15	0.6	0.000196255495962827	0.999803744504037	GD	late	Late
M25_1E_Nec	0.68	M25_1E_Nec:15:86312382:G	G	A	54	25	0.316455696202532	2	0	2	0.930752047654505	1	0.999927461494528	0.93	0.68	1	0.382897635389231	0.617102364610769	GD	late	Late
M25_1E_Nec	0.68	M25_1E_Nec:15:97328230:C	C	T	83	6	0.0674157303370786	2	0	2	0.198281559814937	1	0.999999999995382	0.2	0.08	0.38	2.32506485400097e-08	0.999999976749351	GD	late	Late
M25_1E_Nec	0.68	M25_1E_Nec:16:677403:C	C	T	198	14	0.0660377358490566	2	0	2	0.194228634850166	1	1	0.19	0.11	0.3	3.80843179295591e-18	1	GD	late	Late
M25_1E_Nec	0.68	M25_1E_Nec:16:1272015:C	C	T	29	5	0.147058823529412	2	0	2	0.432525951557093	1	0.999694807958679	0.43	0.17	0.83	0.0141039094952815	0.985896090504718	GD	late	Late
M25_1E_Nec	0.68	M25_1E_Nec:16:12621221:T	T	A	33	9	0.214285714285714	2	0	2	0.630252100840336	1	0.999678334088388	0.63	0.36	0.97	0.0654883739972315	0.934511626002768	GD	late	Late
M25_1E_Nec	0.68	M25_1E_Nec:16:29998318:G	G	A	55	4	0.0677966101694915	2	0	2	0.199401794616152	1	0.999999968942059	0.2	0.07	0.45	5.33283534721025e-06	0.999994667164653	GD	late	Late
M25_1E_Nec	0.68	M25_1E_Nec:16:57503867:C	C	T	33	19	0.365384615384615	2	0	2	1.07466063348416	1	0.989123380265106	1	0.7	1	0.497238071754685	0.502761928245315	GD	late	Late
M25_1E_Nec	0.68	M25_1E_Nec:17:1578347:A	A	G	249	20	0.0743494423791822	2	0	3	0.293024272906188	1	1	0.29	0.19	0.43	8.88047020904896e-12	0.999999999991119	GD	late	Late
M25_1E_Nec	0.68	M25_1E_Nec:17:6023598:C	C	T	30	12	0.285714285714286	2	0	3	1.12605042016807	1	0.911806971346729	1	0.63	1	0.413357410798939	0.586642589201062	GD	late	Late
M25_1E_Nec	0.68	M25_1E_Nec:17:10442496:C	C	T	52	4	0.0714285714285714	2	0	3	0.281512605042017	1	0.999989204421237	0.28	0.09	0.62	0.00106006163346437	0.998939938366536	GD	late	Late
M25_1E_Nec	0.68	M25_1E_Nec:17:10542399:C	C	T	81	17	0.173469387755102	2	0	3	0.683673469387755	1	0.999997917979286	0.68	0.45	0.97	0.0721370382830117	0.927862961716988	GD	late	Late
M25_1E_Nec	0.68	M25_1E_Nec:17:30207649:G	G	A	121	22	0.153846153846154	2	0	3	0.606334841628959	1	0.999999999267344	0.61	0.41	0.86	0.01292039648734	0.98707960351266	GD	late	Late
M25_1E_Nec	0.68	M25_1E_Nec:17:56688685:C	C	T	23	4	0.148148148148148	2	0	3	0.583877995642701	1	0.983255717410805	0.58	0.28	1	0.0830876298415161	0.916912370158484	GD	late	Late
M25_1E_Nec	0.68	M25_1E_Nec:17:72342595:G	G	A	31	122	0.797385620915033	2	0	3	3.14263744713572	3	0.999976201106405	1	0.98	1	0.999993061499803	6.93850019655575e-06	GD	early	Early
M25_1E_Nec	0.68	M25_1E_Nec:17:80048879:A	A	C	38	170	0.817307692307692	2	0	3	3.22115384615385	3	0.999999903425304	1	1	1	1	3.71389169937297e-72	GD	early	Early
M25_1E_Nec	0.68	M25_1E_Nec:18:44013175:G	G	A	248	90	0.266272189349112	2	1	3	1.31569787678385	1	0.997579881338285	1	0.92	1	0.970677755456186	0.0293222445438136	GD	late	Late
M25_1E_Nec	0.68	M25_1E_Nec:18:63547851:G	G	A	124	24	0.162162162162162	2	1	3	0.80127186009539	1	0.999998353486052	0.8	0.58	1	0.187381093709566	0.812618906290434	GD	late	Late
M25_1E_Nec	0.68	M25_1E_Nec:18:65178353:G	G	T	72	32	0.307692307692308	2	1	3	1.52036199095023	2	0.756230401994407	1	0.85	1	0.82960100567961	0.17039899432039	GD	early	Early
M25_1E_Nec	0.68	M25_1E_Nec:18:77193591:C	C	T	179	44	0.197309417040359	2	1	3	0.974940648905302	1	0.999999558230188	0.97	0.75	1	0.520229255700701	0.479770744299299	GD	late	Late
M25_1E_Nec	0.68	M25_1E_Nec:19:1827627:G	G	T	50	4	0.0740740740740741	2	0	3	0.291938997821351	1	0.999982067862673	0.29	0.1	0.65	0.0015240211922616	0.998475978807738	GD	late	Late
M25_1E_Nec	0.68	M25_1E_Nec:19:12826563:C	C	T	54	4	0.0689655172413793	2	0	3	0.271805273833671	1	0.999993500814074	0.27	0.09	0.6	0.000732773917650182	0.99926722608235	GD	late	Late
M25_1E_Nec	0.68	M25_1E_Nec:19:12858075:C	C	T	38	4	0.0952380952380952	2	0	3	0.375350140056022	1	0.999623421927909	0.38	0.13	0.8	0.0114682061268116	0.988531793873188	GD	late	Late
M25_1E_Nec	0.68	M25_1E_Nec:19:42354607:C	C	T	70	4	0.0540540540540541	2	0	3	0.213036565977742	1	0.999999887861459	0.21	0.07	0.48	3.19276223788501e-05	0.999968072377621	GD	late	Late
M25_1E_Nec	0.68	M25_1E_Nec:19:49835566:A	A	C	32	10	0.238095238095238	2	0	3	0.938375350140056	1	0.976429070783491	0.94	0.54	1	0.280197814041435	0.719802185958565	GD	late	Late
M25_1E_Nec	0.68	M25_1E_Nec:19:56600191:G	G	A	182	19	0.0945273631840796	2	0	3	0.372549019607843	1	1	0.37	0.24	0.55	4.28384915347355e-07	0.999999571615085	GD	late	Late
M25_1E_Nec	0.68	M25_1E_Nec:2:1691526:T	T	C	46	9	0.163636363636364	2	1	2	0.644919786096257	1	0.999554959111392	0.64	0.38	0.99	0.0804252993526709	0.919574700647329	GD	late	Late
M25_1E_Nec	0.68	M25_1E_Nec:2:55464483:C	C	T	48	17	0.261538461538462	2	1	2	1.03076923076923	1	0.99106704770192	1	0.66	1	0.418808964557723	0.581191035442277	GD	late	Late
M25_1E_Nec	0.68	M25_1E_Nec:2:56603118:C	C	T	80	54	0.402985074626866	2	1	2	1.58823529411765	2	0.968627480009997	1	0.91	1	0.959010113882565	0.0409898861174353	GD	early	Early
M25_1E_Nec	0.68	M25_1E_Nec:2:95976120:G	G	A	61	4	0.0615384615384615	2	1	1	0.180995475113122	1	1	0.18	0.06	0.4	8.74898887389227e-07	0.999999125101113	GD	Not.Poss	Late
M25_1E_Nec	0.68	M25_1E_Nec:2:99863091:T	T	C	15	6	0.285714285714286	2	1	2	1.12605042016807	1	0.763050129107596	1	0.5	1	0.297292410356717	0.702707589643283	GD	late	Late
M25_1E_Nec	0.68	M25_1E_Nec:2:102793656:A	A	G	38	6	0.136363636363636	2	1	2	0.537433155080214	1	0.999093756636963	0.54	0.26	0.94	0.0452393860368362	0.954760613963164	GD	late	Late
M25_1E_Nec	0.68	M25_1E_Nec:2:116503706:G	G	C	94	76	0.447058823529412	2	1	2	1.76193771626298	2	0.999928436753309	1	0.94	1	0.993322401138949	0.00667759886105085	GD	early	Early
M25_1E_Nec	0.68	M25_1E_Nec:2:137814211:C	C	T	105	33	0.239130434782609	2	1	2	0.942455242966752	1	0.999994664210774	0.94	0.71	1	0.425928992384836	0.574071007615164	GD	late	Late
M25_1E_Nec	0.68	M25_1E_Nec:2:176981385:G	G	A	28	12	0.3	2	1	2	1.18235294117647	1	0.861938842753373	1	0.65	1	0.440483400777277	0.559516599222723	GD	late	Late
M25_1E_Nec	0.68	M25_1E_Nec:2:185802457:T	T	G	70	33	0.320388349514563	2	1	2	1.2627070245574	1	0.963047570043263	1	0.82	1	0.755730243896824	0.244269756103176	GD	late	Late
M25_1E_Nec	0.68	M25_1E_Nec:2:186603427:G	G	A	232	86	0.270440251572327	2	1	2	1.06585275619682	1	0.999999999297173	1	0.86	1	0.838154271247948	0.161845728752052	GD	late	Late
M25_1E_Nec	0.68	M25_1E_Nec:2:188216661:A	A	C	26	9	0.257142857142857	2	1	2	1.01344537815126	1	0.933533103038159	1	0.55	1	0.30965787864287	0.69034212135713	GD	late	Late
M25_1E_Nec	0.68	M25_1E_Nec:2:201468836:T	T	C	132	60	0.3125	2	1	2	1.23161764705882	1	0.999197989941729	1	0.88	1	0.890675144833145	0.109324855166855	GD	late	Late
M25_1E_Nec	0.68	M25_1E_Nec:2:211502462:G	G	A	106	7	0.0619469026548673	2	1	2	0.244143675169183	1	0.999999999954786	0.24	0.11	0.46	1.24181286274901e-06	0.999998758187137	GD	late	Late
M25_1E_Nec	0.68	M25_1E_Nec:2:219393387:T	T	A	118	7	0.056	2	1	2	0.220705882352941	1	0.999999999997847	0.22	0.1	0.42	1.10591997871102e-07	0.999999889408002	GD	late	Late
M25_1E_Nec	0.68	M25_1E_Nec:2:220197261:C	C	T	49	18	0.26865671641791	2	1	2	1.05882352941176	1	0.989263916073003	1	0.68	1	0.452285014336789	0.547714985663211	GD	late	Late
M25_1E_Nec	0.68	M25_1E_Nec:2:225717141:A	A	C	64	58	0.475409836065574	2	1	2	1.87367405978785	2	0.999903638995664	1	0.93	1	0.983609376146261	0.0163906238537386	GD	early	Early
M25_1E_Nec	0.68	M25_1E_Nec:2:225907013:C	C	T	48	4	0.0769230769230769	2	1	2	0.30316742081448	1	0.999970213965492	0.3	0.1	0.67	0.00217643414741502	0.997823565852585	GD	late	Late
M25_1E_Nec	0.68	M25_1E_Nec:2:228776963:C	C	T	34	8	0.19047619047619	2	1	2	0.750700280112045	1	0.994009304033887	0.75	0.43	1	0.151972198206807	0.848027801793193	GD	late	Late
M25_1E_Nec	0.68	M25_1E_Nec:2:233400038:G	G	A	18	4	0.181818181818182	2	1	2	0.716577540106952	1	0.943187076976107	0.72	0.33	1	0.135468520118638	0.864531479881362	GD	late	Late
M25_1E_Nec	0.68	M25_1E_Nec:2:233995419:C	C	T	24	30	0.555555555555556	2	1	2	2.18954248366013	2	0.999169724927499	1	0.89	1	0.916869253767371	0.0831307462326287	GD	early	Early
M25_1E_Nec	0.68	M25_1E_Nec:2:242435142:C	C	T	64	4	0.0588235294117647	2	1	2	0.231833910034602	1	0.999999486051687	0.23	0.08	0.52	0.000106817309051851	0.999893182690948	GD	late	Late
M25_1E_Nec	0.68	M25_1E_Nec:20:6057969:C	C	T	84	26	0.236363636363636	2	0	3	0.931550802139037	1	0.999949253696776	0.93	0.67	1	0.378375930037003	0.621624069962997	GD	late	Late
M25_1E_Nec	0.68	M25_1E_Nec:20:10617025:G	G	A	75	26	0.257425742574257	2	0	3	1.01456027955737	1	0.999502311664044	1	0.71	1	0.48431014836966	0.51568985163034	GD	late	Late
M25_1E_Nec	0.68	M25_1E_Nec:20:23017249:C	C	T	36	12	0.25	2	0	3	0.985294117647059	1	0.979380279256934	0.99	0.59	1	0.33100237627374	0.66899762372626	GD	late	Late
M25_1E_Nec	0.68	M25_1E_Nec:20:23377760:C	C	A	106	52	0.329113924050633	2	0	3	1.29709605361132	1	0.982806804077342	1	0.88	1	0.889353682030321	0.110646317969679	GD	late	Late
M25_1E_Nec	0.68	M25_1E_Nec:20:30671714:G	G	A	102	14	0.120689655172414	2	1	3	0.596348884381339	1	0.999998955665768	0.6	0.36	0.91	0.0313867521567498	0.96861324784325	GD	late	Late
M25_1E_Nec	0.68	M25_1E_Nec:20:44672526:G	G	A	50	11	0.180327868852459	2	1	3	0.891031822565092	1	0.991165726498395	0.89	0.53	1	0.253961650503703	0.746038349496297	GD	late	Late
M25_1E_Nec	0.68	M25_1E_Nec:20:45170254:C	C	T	66	14	0.175	2	1	3	0.864705882352941	1	0.998478276022929	0.86	0.55	1	0.248501100396859	0.751498899603141	GD	late	Late
M25_1E_Nec	0.68	M25_1E_Nec:20:62378559:G	G	A	92	14	0.132075471698113	2	1	3	0.652608213096559	1	0.99999209747466	0.65	0.41	0.96	0.0644732860308228	0.935526713969177	GD	late	Late
M25_1E_Nec	0.68	M25_1E_Nec:21:28212612:C	C	T	34	6	0.15	2	1	1	0.441176470588235	1	1	0.44	0.19	0.81	0.0104751358625992	0.989524864137401	GD	Not.Poss	Late
M25_1E_Nec	0.68	M25_1E_Nec:21:43222925:A	A	G	106	7	0.0619469026548673	2	1	1	0.182196772514315	1	1	0.18	0.08	0.34	1.00396634622986e-10	0.999999999899603	GD	Not.Poss	Late
M25_1E_Nec	0.68	M25_1E_Nec:22:23161957:C	C	T	24	43	0.641791044776119	2	0	2	1.88762071992976	2	0.999111714576947	1	0.92	1	0.968419340735913	0.0315806592640866	GD	early	Early
M25_1E_Nec	0.68	M25_1E_Nec:22:38274026:C	C	A	17	4	0.19047619047619	2	0	2	0.560224089635854	1	0.987474836056138	0.56	0.26	0.99	0.0688445581851434	0.931155441814857	GD	late	Late
M25_1E_Nec	0.68	M25_1E_Nec:22:50318033:C	C	T	26	4	0.133333333333333	2	0	2	0.392156862745098	1	0.999405628388769	0.39	0.14	0.81	0.0122668171157497	0.98773318288425	GD	late	Late
M25_1E_Nec	0.68	M25_1E_Nec:3:8676187:C	C	A	108	32	0.228571428571429	2	1	1	0.672268907563025	1	1	0.67	0.49	0.89	0.0192437764567033	0.980756223543297	GD	Not.Poss	Late
M25_1E_Nec	0.68	M25_1E_Nec:3:33134554:G	G	C	104	40	0.277777777777778	2	1	1	0.816993464052288	1	1	0.82	0.65	1	0.186495784414161	0.813504215585839	GD	Not.Poss	Early
M25_1E_Nec	0.68	M25_1E_Nec:3:50615227:G	G	A	90	25	0.217391304347826	2	1	1	0.639386189258312	1	1	0.64	0.44	0.87	0.0157005836385134	0.984299416361487	GD	Not.Poss	Late
M25_1E_Nec	0.68	M25_1E_Nec:3:58407263:C	C	T	166	24	0.126315789473684	2	1	1	0.371517027863777	1	1	0.37	0.25	0.52	3.15272082213585e-09	0.999999996847279	GD	Not.Poss	Late
M25_1E_Nec	0.68	M25_1E_Nec:3:134327302:G	G	T	49	6	0.109090909090909	2	1	2	0.429946524064171	1	0.99994434821752	0.43	0.18	0.81	0.0108229054237999	0.9891770945762	GD	late	Late
M25_1E_Nec	0.68	M25_1E_Nec:3:180041469:C	C	A	41	37	0.474358974358974	2	1	2	1.86953242835596	2	0.997143794253716	1	0.89	1	0.93117067630608	0.0688293236939199	GD	early	Early
M25_1E_Nec	0.68	M25_1E_Nec:3:190366273:G	G	A	90	11	0.108910891089109	2	1	2	0.429237041351194	1	0.999999984804199	0.43	0.23	0.7	0.00112851477232945	0.998871485227671	GD	late	Late
M25_1E_Nec	0.68	M25_1E_Nec:4:10100689:C	C	T	82	17	0.171717171717172	2	0	2	0.505050505050505	1	0.999999999684385	0.51	0.32	0.75	0.0011851981932713	0.998814801806729	GD	late	Late
M25_1E_Nec	0.68	M25_1E_Nec:4:15005390:G	G	A	15	5	0.25	2	0	2	0.735294117647059	1	0.965585746942165	0.74	0.37	1	0.142347687400479	0.857652312599521	GD	late	Late
M25_1E_Nec	0.68	M25_1E_Nec:4:164272329:A	A	G	91	26	0.222222222222222	2	0	3	0.875816993464052	1	0.999991408601728	0.88	0.64	1	0.296646265949212	0.703353734050788	GD	late	Late
M25_1E_Nec	0.68	M25_1E_Nec:5:24488056:A	A	C	81	8	0.0898876404494382	2	1	3	0.444150693985459	1	0.999996147278531	0.44	0.22	0.79	0.0073695036963715	0.992630496303629	GD	late	Late
M25_1E_Nec	0.68	M25_1E_Nec:5:35773981:C	C	A	22	21	0.488372093023256	2	1	3	2.41313269493844	2	0.54590989999509	1	0.85	1	0.833134092559312	0.166865907440688	GD	early	Early
M25_1E_Nec	0.68	M25_1E_Nec:5:75596694:G	G	T	120	56	0.318181818181818	2	1	1	0.935828877005348	1	1	0.94	0.76	1	0.500837623797398	0.499162376202602	GD	Not.Poss	Early
M25_1E_Nec	0.68	M25_1E_Nec:5:139422526:GCTCTCGCTGCTGCTGCTGCTGCT	GCTCTCGCTGCTGCTGCTGCTGCT	-	35	8	0.186046511627907	2	1	1	0.547195622435021	1	1	0.55	0.28	0.9	0.0301518581336217	0.969848141866378	GD	Not.Poss	Late
M25_1E_Nec	0.68	M25_1E_Nec:5:140801469:C	C	T	24	11	0.314285714285714	2	1	1	0.92436974789916	1	1	0.92	0.56	1	0.287216677014884	0.712783322985116	GD	Not.Poss	Early
M25_1E_Nec	0.68	M25_1E_Nec:5:153078430:G	G	T	92	37	0.286821705426357	2	1	1	0.84359325125399	1	1	0.84	0.66	1	0.24611290996145	0.753887090038549	GD	Not.Poss	Early
M25_1E_Nec	0.68	M25_1E_Nec:5:180057304:G	G	A	36	18	0.333333333333333	2	1	1	0.980392156862745	1	1	0.98	0.66	1	0.397926672967012	0.602073327032988	GD	Not.Poss	Early
M25_1E_Nec	0.68	M25_1E_Nec:6:28227434:C	C	T	59	4	0.0634920634920635	2	1	1	0.186741363211951	1	1	0.19	0.06	0.41	1.60572905536581e-06	0.999998394270945	GD	Not.Poss	Late
M25_1E_Nec	0.68	M25_1E_Nec:6:42820147:G	G	C	49	9	0.155172413793103	2	1	1	0.456389452332657	1	1	0.46	0.23	0.76	0.00412407647498696	0.995875923525013	GD	Not.Poss	Late
M25_1E_Nec	0.68	M25_1E_Nec:6:44222626:GGTCATGATGATGGTGAAGACGGCAGCCCCAAACTGCCCAAT	GGTCATGATGATGGTGAAGACGGCAGCCCCAAACTGCCCAAT	-	51	17	0.25	2	1	1	0.735294117647059	1	1	0.74	0.51	1	0.113286610155283	0.886713389844717	GD	Not.Poss	Early
M25_1E_Nec	0.68	M25_1E_Nec:6:56035792:C	C	T	41	11	0.211538461538462	2	1	1	0.622171945701357	1	1	0.62	0.37	0.95	0.049422431216713	0.950577568783287	GD	Not.Poss	Late
M25_1E_Nec	0.68	M25_1E_Nec:6:65622619:C	C	T	24	21	0.466666666666667	2	1	1	1.37254901960784	1	1	1	0.79	1	0.70542396574529	0.29457603425471	GD	Not.Poss	Early
M25_1E_Nec	0.68	M25_1E_Nec:6:116757957:C	C	T	75	20	0.210526315789474	2	1	1	0.619195046439628	1	1	0.62	0.41	0.87	0.0170577642267576	0.982942235773242	GD	Not.Poss	Late
M25_1E_Nec	0.68	M25_1E_Nec:6:146026638:G	G	C	36	6	0.142857142857143	2	1	1	0.420168067226891	1	1	0.42	0.18	0.78	0.00689542305640402	0.993104576943596	GD	Not.Poss	Late
M25_1E_Nec	0.68	M25_1E_Nec:7:20824782:G	G	A	18	102	0.85	2	0	2	2.5	2	0.999999999999897	1	0.97	1	0.999950432089239	4.95679107611406e-05	GD	early	Early
M25_1E_Nec	0.68	M25_1E_Nec:7:25266498:C	C	T	48	44	0.478260869565217	2	0	2	1.40664961636829	1	0.686008489772961	1	0.89	1	0.91260243394103	0.08739756605897	GD	late	Late
M25_1E_Nec	0.68	M25_1E_Nec:7:29535539:C	C	T	195	61	0.23828125	2	2	2	1.17738970588235	1	0.99992718718666	1	0.86	1	0.849049842683302	0.150950157316698	GD	late	Late
M25_1E_Nec	0.68	M25_1E_Nec:7:29943930:G	G	A	123	33	0.211538461538462	2	2	2	1.04524886877828	1	0.999833037043889	1	0.75	1	0.560034003357846	0.439965996642154	GD	late	Late
M25_1E_Nec	0.68	M25_1E_Nec:7:43484815:T	T	A	319	189	0.372047244094488	2	2	2	1.83835108846688	2	0.999999999999431	1	1	1	1	4.75084570227355e-24	GD	early	Early
M25_1E_Nec	0.68	M25_1E_Nec:7:44089860:C	C	A	152	46	0.232323232323232	2	2	2	1.14795008912656	1	0.999721734974543	1	0.82	1	0.752944137886586	0.247055862113414	GD	late	Late
M25_1E_Nec	0.68	M25_1E_Nec:7:75511287:G	G	A	194	131	0.403076923076923	2	2	2	1.9916742081448	2	0.999999999986502	1	0.97	1	0.999882320236213	0.000117679763786778	GD	early	Early
M25_1E_Nec	0.68	M25_1E_Nec:7:77234170:T	T	-	58	7	0.107692307692308	2	2	2	0.532126696832579	1	0.99975222251415	0.53	0.26	0.92	0.0381555218827835	0.961844478117216	GD	late	Late
M25_1E_Nec	0.68	M25_1E_Nec:7:82579557:G	G	C	161	48	0.229665071770335	2	2	2	1.13481564874754	1	0.999879838579632	1	0.82	1	0.752782235759993	0.247217764240007	GD	late	Late
M25_1E_Nec	0.68	M25_1E_Nec:7:82582648:T	T	G	57	19	0.25	2	2	2	1.23529411764706	1	0.901246855239723	1	0.73	1	0.566593793295316	0.433406206704684	GD	late	Late
M25_1E_Nec	0.68	M25_1E_Nec:7:142723777:C	C	A	177	19	0.0969387755102041	2	2	2	0.478991596638655	1	0.999999999996891	0.48	0.3	0.7	0.000502016772105094	0.999497983227895	GD	late	Late
M25_1E_Nec	0.68	M25_1E_Nec:7:157959870:G	G	A	33	8	0.195121951219512	2	2	2	0.964131994261119	1	0.940051094383217	0.96	0.51	1	0.267834892566683	0.732165107433317	GD	late	Late
M25_1E_Nec	0.68	M25_1E_Nec:8:12879329:G	G	A	53	4	0.0701754385964912	2	0	2	0.206398348813209	1	0.999999938695423	0.21	0.07	0.46	9.64311876129486e-06	0.999990356881239	GD	late	Late
M25_1E_Nec	0.68	M25_1E_Nec:8:27597991:G	G	T	25	4	0.137931034482759	2	0	2	0.405679513184584	1	0.999165139978819	0.41	0.14	0.83	0.0152201822757531	0.984779817724247	GD	late	Late
M25_1E_Nec	0.68	M25_1E_Nec:8:29006235:G	G	T	44	4	0.0833333333333333	2	0	2	0.245098039215686	1	0.999998692524769	0.25	0.08	0.54	0.00012818849091456	0.999871811509085	GD	late	Late
M25_1E_Nec	0.68	M25_1E_Nec:8:35583967:C	C	A	98	62	0.3875	2	0	2	1.13970588235294	1	0.999989079684823	1	0.87	1	0.863099294061391	0.136900705938609	GD	late	Late
M25_1E_Nec	0.68	M25_1E_Nec:8:68864624:C	C	G	28	18	0.391304347826087	2	2	2	1.93350383631714	2	0.959578233785797	1	0.8	1	0.740295851693649	0.259704148306351	GD	early	Early
M25_1E_Nec	0.68	M25_1E_Nec:8:105026786:G	G	A	36	13	0.26530612244898	2	2	2	1.3109243697479	1	0.712130375092526	1	0.68	1	0.499280046437467	0.500719953562533	GD	late	Late
M25_1E_Nec	0.68	M25_1E_Nec:8:144645026:C	C	G	23	7	0.233333333333333	2	2	2	1.15294117647059	1	0.771957645391607	1	0.53	1	0.320730720622778	0.679269279377222	GD	late	Late
M25_1E_Nec	0.68	M25_1E_Nec:8:145748020:C	C	T	192	13	0.0634146341463415	2	2	2	0.313342898134864	1	0.999999999999992	0.31	0.18	0.51	5.14154470737839e-07	0.999999485845529	GD	late	Late
M25_1E_Nec	0.68	M25_1E_Nec:9:78910164:G	G	A	74	6	0.075	2	0	3	0.295588235294118	1	0.999999902129872	0.3	0.12	0.57	0.000172144924906621	0.999827855075093	GD	late	Late
M25_1E_Nec	0.68	M25_1E_Nec:9:119115128:G	G	A	76	18	0.191489361702128	2	0	3	0.754693366708385	1	0.999988510861452	0.75	0.53	1	0.137518144938045	0.862481855061955	GD	late	Late
M25_1E_Nec	0.68	M25_1E_Nec:1:114308870:G	G	T	74	82	0.525641025641026	2	1	2	2.07164404223228	2	0.999999967950341	1	0.96	1	0.998124109277863	0.00187589072213685	GD	early	Early
M25_1E_Nec	0.68	M25_1E_Nec:1:201763394:T	T	C	69	23	0.25	2	1	2	0.985294117647059	1	0.999389668891138	0.99	0.68	1	0.428351587907245	0.571648412092755	GD	late	Late
M25_1E_Nec	0.68	M25_1E_Nec:2:215862509:A	A	G	42	10	0.192307692307692	2	1	2	0.757918552036199	1	0.998097264313417	0.76	0.46	1	0.155383813499698	0.844616186500302	GD	late	Late
M25_1E_Nec	0.68	M25_1E_Nec:6:88757702:G	G	A	64	19	0.228915662650602	2	1	1	0.673281360737066	1	1	0.67	0.45	0.94	0.0496338164660015	0.950366183533998	GD	Not.Poss	Late
